{
    "accuracy": 0.9531821506949525,
    "precision": 0.89375,
    "recall": 0.7526315789473684,
    "auc": 0.9431896436077447
}
